Id,Name,LocationType
ST01.CP01,Stocker1-CassettePort1,Cassette
ST01.CP02,Stocker1-CassettePort2,Cassette
ST01.CP03,Stocker1-CassettePort3,Cassette
ST01.CP04,Stocker1-CassettePort4,Cassette
ST01.CP05,Stocker1-CassettePort5,Cassette
ST01.CP06,Stocker1-CassettePort6,Cassette
A01.CP01,Area1-CassettePort1,Cassette
A01.CP01.TP01,Area1-CassettePort1-TrayPort1,Tray
A01.CP01.TP02,Area1-CassettePort1-TrayPort2,Tray
A01.CP01.TP03,Area1-CassettePort1-TrayPort3,Tray
A01.CP01.TP04,Area1-CassettePort1-TrayPort4,Tray
A01.CP02,Area1-CassettePort2,Cassette
A01.CP02.TP01,Area1-CassettePort2-TrayPort1,Tray
A01.CP02.TP02,Area1-CassettePort2-TrayPort2,Tray
A01.CP02.TP03,Area1-CassettePort2-TrayPort3,Tray
A01.CP02.TP04,Area1-CassettePort2-TrayPort4,Tray
A01.CP03,Area1-CassettePort3,Cassette
A01.CP03.TP01,Area1-CassettePort3-TrayPort1,Tray
A01.CP03.TP02,Area1-CassettePort3-TrayPort2,Tray
A01.CP03.TP03,Area1-CassettePort3-TrayPort3,Tray
A01.CP03.TP04,Area1-CassettePort3-TrayPort4,Tray
A01.CP04,Area1-CassettePort4,Cassette
A01.CP04.TP01,Area1-CassettePort4-TrayPort1,Tray
A01.CP04.TP02,Area1-CassettePort4-TrayPort2,Tray
A01.CP04.TP03,Area1-CassettePort4-TrayPort3,Tray
A01.CP04.TP04,Area1-CassettePort4-TrayPort4,Tray
A01.CP05,Area1-CassettePort5,Cassette
A01.CP05.TP01,Area1-CassettePort5-TrayPort1,Tray
A01.CP05.TP02,Area1-CassettePort5-TrayPort2,Tray
A01.CP05.TP03,Area1-CassettePort5-TrayPort3,Tray
A01.CP05.TP04,Area1-CassettePort5-TrayPort4,Tray
A01.CP06,Area1-CassettePort6,Cassette
A01.CP06.TP01,Area1-CassettePort6-TrayPort1,Tray
A01.CP06.TP02,Area1-CassettePort6-TrayPort2,Tray
A01.CP06.TP03,Area1-CassettePort6-TrayPort3,Tray
A01.CP06.TP04,Area1-CassettePort6-TrayPort4,Tray
A01.SET01.MP01,Area1-Set1-MemoryPort1,Memory
A01.SET01.MP02,Area1-Set1-MemoryPort2,Memory
A01.SET01.MP03,Area1-Set1-MemoryPort3,Memory
A01.SET01.MP04,Area1-Set1-MemoryPort4,Memory
A01.SET01.MP05,Area1-Set1-MemoryPort5,Memory
A01.SET01.MP06,Area1-Set1-MemoryPort6,Memory
A01.SET01.MP07,Area1-Set1-MemoryPort7,Memory
A01.SET01.MP08,Area1-Set1-MemoryPort8,Memory
A01.SET01.MP09,Area1-Set1-MemoryPort9,Memory
A01.SET01.MP10,Area1-Set1-MemoryPort10,Memory
A01.SET01.MP11,Area1-Set1-MemoryPort11,Memory
A01.SET01.MP12,Area1-Set1-MemoryPort12,Memory
A01.SET01.MP13,Area1-Set1-MemoryPort13,Memory
A01.SET01.MP14,Area1-Set1-MemoryPort14,Memory
A01.SET01.MP15,Area1-Set1-MemoryPort15,Memory
A01.SET01.MP16,Area1-Set1-MemoryPort16,Memory
A01.SET01.MP17,Area1-Set1-MemoryPort17,Memory
A01.SET01.MP18,Area1-Set1-MemoryPort18,Memory
A01.SET01.MP19,Area1-Set1-MemoryPort19,Memory
A01.SET01.MP20,Area1-Set1-MemoryPort20,Memory
A01.SET01.MP21,Area1-Set1-MemoryPort21,Memory
A01.SET01.MP22,Area1-Set1-MemoryPort22,Memory
A01.SET01.MP23,Area1-Set1-MemoryPort23,Memory
A01.SET01.MP24,Area1-Set1-MemoryPort24,Memory
A01.SET01.MP25,Area1-Set1-MemoryPort25,Memory
A01.SET01.MP26,Area1-Set1-MemoryPort26,Memory
A01.SET01.MP27,Area1-Set1-MemoryPort27,Memory
A01.SET01.MP28,Area1-Set1-MemoryPort28,Memory
A01.SET01.MP29,Area1-Set1-MemoryPort29,Memory
A01.SET01.MP30,Area1-Set1-MemoryPort30,Memory
A01.SET01.MP31,Area1-Set1-MemoryPort31,Memory
A01.SET01.MP32,Area1-Set1-MemoryPort32,Memory
A01.SET02.MP01,Area1-Set2-MemoryPort1,Memory
A01.SET02.MP02,Area1-Set2-MemoryPort2,Memory
A01.SET02.MP03,Area1-Set2-MemoryPort3,Memory
A01.SET02.MP04,Area1-Set2-MemoryPort4,Memory
A01.SET02.MP05,Area1-Set2-MemoryPort5,Memory
A01.SET02.MP06,Area1-Set2-MemoryPort6,Memory
A01.SET02.MP07,Area1-Set2-MemoryPort7,Memory
A01.SET02.MP08,Area1-Set2-MemoryPort8,Memory
A01.SET02.MP09,Area1-Set2-MemoryPort9,Memory
A01.SET02.MP10,Area1-Set2-MemoryPort10,Memory
A01.SET02.MP11,Area1-Set2-MemoryPort11,Memory
A01.SET02.MP12,Area1-Set2-MemoryPort12,Memory
A01.SET02.MP13,Area1-Set2-MemoryPort13,Memory
A01.SET02.MP14,Area1-Set2-MemoryPort14,Memory
A01.SET02.MP15,Area1-Set2-MemoryPort15,Memory
A01.SET02.MP16,Area1-Set2-MemoryPort16,Memory
A01.SET02.MP17,Area1-Set2-MemoryPort17,Memory
A01.SET02.MP18,Area1-Set2-MemoryPort18,Memory
A01.SET02.MP19,Area1-Set2-MemoryPort19,Memory
A01.SET02.MP20,Area1-Set2-MemoryPort20,Memory
A01.SET02.MP21,Area1-Set2-MemoryPort21,Memory
A01.SET02.MP22,Area1-Set2-MemoryPort22,Memory
A01.SET02.MP23,Area1-Set2-MemoryPort23,Memory
A01.SET02.MP24,Area1-Set2-MemoryPort24,Memory
A01.SET02.MP25,Area1-Set2-MemoryPort25,Memory
A01.SET02.MP26,Area1-Set2-MemoryPort26,Memory
A01.SET02.MP27,Area1-Set2-MemoryPort27,Memory
A01.SET02.MP28,Area1-Set2-MemoryPort28,Memory
A01.SET02.MP29,Area1-Set2-MemoryPort29,Memory
A01.SET02.MP30,Area1-Set2-MemoryPort30,Memory
A01.SET02.MP31,Area1-Set2-MemoryPort31,Memory
A01.SET02.MP32,Area1-Set2-MemoryPort32,Memory
A01.SET03.MP01,Area1-Set3-MemoryPort1,Memory
A01.SET03.MP02,Area1-Set3-MemoryPort2,Memory
A01.SET03.MP03,Area1-Set3-MemoryPort3,Memory
A01.SET03.MP04,Area1-Set3-MemoryPort4,Memory
A01.SET03.MP05,Area1-Set3-MemoryPort5,Memory
A01.SET03.MP06,Area1-Set3-MemoryPort6,Memory
A01.SET03.MP07,Area1-Set3-MemoryPort7,Memory
A01.SET03.MP08,Area1-Set3-MemoryPort8,Memory
A01.SET03.MP09,Area1-Set3-MemoryPort9,Memory
A01.SET03.MP10,Area1-Set3-MemoryPort10,Memory
A01.SET03.MP11,Area1-Set3-MemoryPort11,Memory
A01.SET03.MP12,Area1-Set3-MemoryPort12,Memory
A01.SET03.MP13,Area1-Set3-MemoryPort13,Memory
A01.SET03.MP14,Area1-Set3-MemoryPort14,Memory
A01.SET03.MP15,Area1-Set3-MemoryPort15,Memory
A01.SET03.MP16,Area1-Set3-MemoryPort16,Memory
A01.SET03.MP17,Area1-Set3-MemoryPort17,Memory
A01.SET03.MP18,Area1-Set3-MemoryPort18,Memory
A01.SET03.MP19,Area1-Set3-MemoryPort19,Memory
A01.SET03.MP20,Area1-Set3-MemoryPort20,Memory
A01.SET03.MP21,Area1-Set3-MemoryPort21,Memory
A01.SET03.MP22,Area1-Set3-MemoryPort22,Memory
A01.SET03.MP23,Area1-Set3-MemoryPort23,Memory
A01.SET03.MP24,Area1-Set3-MemoryPort24,Memory
A01.SET03.MP25,Area1-Set3-MemoryPort25,Memory
A01.SET03.MP26,Area1-Set3-MemoryPort26,Memory
A01.SET03.MP27,Area1-Set3-MemoryPort27,Memory
A01.SET03.MP28,Area1-Set3-MemoryPort28,Memory
A01.SET03.MP29,Area1-Set3-MemoryPort29,Memory
A01.SET03.MP30,Area1-Set3-MemoryPort30,Memory
A01.SET03.MP31,Area1-Set3-MemoryPort31,Memory
A01.SET03.MP32,Area1-Set3-MemoryPort32,Memory
A01.SET04.MP01,Area1-Set4-MemoryPort1,Memory
A01.SET04.MP02,Area1-Set4-MemoryPort2,Memory
A01.SET04.MP03,Area1-Set4-MemoryPort3,Memory
A01.SET04.MP04,Area1-Set4-MemoryPort4,Memory
A01.SET04.MP05,Area1-Set4-MemoryPort5,Memory
A01.SET04.MP06,Area1-Set4-MemoryPort6,Memory
A01.SET04.MP07,Area1-Set4-MemoryPort7,Memory
A01.SET04.MP08,Area1-Set4-MemoryPort8,Memory
A01.SET04.MP09,Area1-Set4-MemoryPort9,Memory
A01.SET04.MP10,Area1-Set4-MemoryPort10,Memory
A01.SET04.MP11,Area1-Set4-MemoryPort11,Memory
A01.SET04.MP12,Area1-Set4-MemoryPort12,Memory
A01.SET04.MP13,Area1-Set4-MemoryPort13,Memory
A01.SET04.MP14,Area1-Set4-MemoryPort14,Memory
A01.SET04.MP15,Area1-Set4-MemoryPort15,Memory
A01.SET04.MP16,Area1-Set4-MemoryPort16,Memory
A01.SET04.MP17,Area1-Set4-MemoryPort17,Memory
A01.SET04.MP18,Area1-Set4-MemoryPort18,Memory
A01.SET04.MP19,Area1-Set4-MemoryPort19,Memory
A01.SET04.MP20,Area1-Set4-MemoryPort20,Memory
A01.SET04.MP21,Area1-Set4-MemoryPort21,Memory
A01.SET04.MP22,Area1-Set4-MemoryPort22,Memory
A01.SET04.MP23,Area1-Set4-MemoryPort23,Memory
A01.SET04.MP24,Area1-Set4-MemoryPort24,Memory
A01.SET04.MP25,Area1-Set4-MemoryPort25,Memory
A01.SET04.MP26,Area1-Set4-MemoryPort26,Memory
A01.SET04.MP27,Area1-Set4-MemoryPort27,Memory
A01.SET04.MP28,Area1-Set4-MemoryPort28,Memory
A01.SET04.MP29,Area1-Set4-MemoryPort29,Memory
A01.SET04.MP30,Area1-Set4-MemoryPort30,Memory
A01.SET04.MP31,Area1-Set4-MemoryPort31,Memory
A01.SET04.MP32,Area1-Set4-MemoryPort32,Memory
A01.SET05.MP01,Area1-Set5-MemoryPort1,Memory
A01.SET05.MP02,Area1-Set5-MemoryPort2,Memory
A01.SET05.MP03,Area1-Set5-MemoryPort3,Memory
A01.SET05.MP04,Area1-Set5-MemoryPort4,Memory
A01.SET05.MP05,Area1-Set5-MemoryPort5,Memory
A01.SET05.MP06,Area1-Set5-MemoryPort6,Memory
A01.SET05.MP07,Area1-Set5-MemoryPort7,Memory
A01.SET05.MP08,Area1-Set5-MemoryPort8,Memory
A01.SET05.MP09,Area1-Set5-MemoryPort9,Memory
A01.SET05.MP10,Area1-Set5-MemoryPort10,Memory
A01.SET05.MP11,Area1-Set5-MemoryPort11,Memory
A01.SET05.MP12,Area1-Set5-MemoryPort12,Memory
A01.SET05.MP13,Area1-Set5-MemoryPort13,Memory
A01.SET05.MP14,Area1-Set5-MemoryPort14,Memory
A01.SET05.MP15,Area1-Set5-MemoryPort15,Memory
A01.SET05.MP16,Area1-Set5-MemoryPort16,Memory
A01.SET05.MP17,Area1-Set5-MemoryPort17,Memory
A01.SET05.MP18,Area1-Set5-MemoryPort18,Memory
A01.SET05.MP19,Area1-Set5-MemoryPort19,Memory
A01.SET05.MP20,Area1-Set5-MemoryPort20,Memory
A01.SET05.MP21,Area1-Set5-MemoryPort21,Memory
A01.SET05.MP22,Area1-Set5-MemoryPort22,Memory
A01.SET05.MP23,Area1-Set5-MemoryPort23,Memory
A01.SET05.MP24,Area1-Set5-MemoryPort24,Memory
A01.SET05.MP25,Area1-Set5-MemoryPort25,Memory
A01.SET05.MP26,Area1-Set5-MemoryPort26,Memory
A01.SET05.MP27,Area1-Set5-MemoryPort27,Memory
A01.SET05.MP28,Area1-Set5-MemoryPort28,Memory
A01.SET05.MP29,Area1-Set5-MemoryPort29,Memory
A01.SET05.MP30,Area1-Set5-MemoryPort30,Memory
A01.SET05.MP31,Area1-Set5-MemoryPort31,Memory
A01.SET05.MP32,Area1-Set5-MemoryPort32,Memory
A01.SET06.MP01,Area1-Set6-MemoryPort1,Memory
A01.SET06.MP02,Area1-Set6-MemoryPort2,Memory
A01.SET06.MP03,Area1-Set6-MemoryPort3,Memory
A01.SET06.MP04,Area1-Set6-MemoryPort4,Memory
A01.SET06.MP05,Area1-Set6-MemoryPort5,Memory
A01.SET06.MP06,Area1-Set6-MemoryPort6,Memory
A01.SET06.MP07,Area1-Set6-MemoryPort7,Memory
A01.SET06.MP08,Area1-Set6-MemoryPort8,Memory
A01.SET06.MP09,Area1-Set6-MemoryPort9,Memory
A01.SET06.MP10,Area1-Set6-MemoryPort10,Memory
A01.SET06.MP11,Area1-Set6-MemoryPort11,Memory
A01.SET06.MP12,Area1-Set6-MemoryPort12,Memory
A01.SET06.MP13,Area1-Set6-MemoryPort13,Memory
A01.SET06.MP14,Area1-Set6-MemoryPort14,Memory
A01.SET06.MP15,Area1-Set6-MemoryPort15,Memory
A01.SET06.MP16,Area1-Set6-MemoryPort16,Memory
A01.SET06.MP17,Area1-Set6-MemoryPort17,Memory
A01.SET06.MP18,Area1-Set6-MemoryPort18,Memory
A01.SET06.MP19,Area1-Set6-MemoryPort19,Memory
A01.SET06.MP20,Area1-Set6-MemoryPort20,Memory
A01.SET06.MP21,Area1-Set6-MemoryPort21,Memory
A01.SET06.MP22,Area1-Set6-MemoryPort22,Memory
A01.SET06.MP23,Area1-Set6-MemoryPort23,Memory
A01.SET06.MP24,Area1-Set6-MemoryPort24,Memory
A01.SET06.MP25,Area1-Set6-MemoryPort25,Memory
A01.SET06.MP26,Area1-Set6-MemoryPort26,Memory
A01.SET06.MP27,Area1-Set6-MemoryPort27,Memory
A01.SET06.MP28,Area1-Set6-MemoryPort28,Memory
A01.SET06.MP29,Area1-Set6-MemoryPort29,Memory
A01.SET06.MP30,Area1-Set6-MemoryPort30,Memory
A01.SET06.MP31,Area1-Set6-MemoryPort31,Memory
A01.SET06.MP32,Area1-Set6-MemoryPort32,Memory
A01.SET07.MP01,Area1-Set7-MemoryPort1,Memory
A01.SET07.MP02,Area1-Set7-MemoryPort2,Memory
A01.SET07.MP03,Area1-Set7-MemoryPort3,Memory
A01.SET07.MP04,Area1-Set7-MemoryPort4,Memory
A01.SET07.MP05,Area1-Set7-MemoryPort5,Memory
A01.SET07.MP06,Area1-Set7-MemoryPort6,Memory
A01.SET07.MP07,Area1-Set7-MemoryPort7,Memory
A01.SET07.MP08,Area1-Set7-MemoryPort8,Memory
A01.SET07.MP09,Area1-Set7-MemoryPort9,Memory
A01.SET07.MP10,Area1-Set7-MemoryPort10,Memory
A01.SET07.MP11,Area1-Set7-MemoryPort11,Memory
A01.SET07.MP12,Area1-Set7-MemoryPort12,Memory
A01.SET07.MP13,Area1-Set7-MemoryPort13,Memory
A01.SET07.MP14,Area1-Set7-MemoryPort14,Memory
A01.SET07.MP15,Area1-Set7-MemoryPort15,Memory
A01.SET07.MP16,Area1-Set7-MemoryPort16,Memory
A01.SET07.MP17,Area1-Set7-MemoryPort17,Memory
A01.SET07.MP18,Area1-Set7-MemoryPort18,Memory
A01.SET07.MP19,Area1-Set7-MemoryPort19,Memory
A01.SET07.MP20,Area1-Set7-MemoryPort20,Memory
A01.SET07.MP21,Area1-Set7-MemoryPort21,Memory
A01.SET07.MP22,Area1-Set7-MemoryPort22,Memory
A01.SET07.MP23,Area1-Set7-MemoryPort23,Memory
A01.SET07.MP24,Area1-Set7-MemoryPort24,Memory
A01.SET07.MP25,Area1-Set7-MemoryPort25,Memory
A01.SET07.MP26,Area1-Set7-MemoryPort26,Memory
A01.SET07.MP27,Area1-Set7-MemoryPort27,Memory
A01.SET07.MP28,Area1-Set7-MemoryPort28,Memory
A01.SET07.MP29,Area1-Set7-MemoryPort29,Memory
A01.SET07.MP30,Area1-Set7-MemoryPort30,Memory
A01.SET07.MP31,Area1-Set7-MemoryPort31,Memory
A01.SET07.MP32,Area1-Set7-MemoryPort32,Memory
A01.SET08.MP01,Area1-Set8-MemoryPort1,Memory
A01.SET08.MP02,Area1-Set8-MemoryPort2,Memory
A01.SET08.MP03,Area1-Set8-MemoryPort3,Memory
A01.SET08.MP04,Area1-Set8-MemoryPort4,Memory
A01.SET08.MP05,Area1-Set8-MemoryPort5,Memory
A01.SET08.MP06,Area1-Set8-MemoryPort6,Memory
A01.SET08.MP07,Area1-Set8-MemoryPort7,Memory
A01.SET08.MP08,Area1-Set8-MemoryPort8,Memory
A01.SET08.MP09,Area1-Set8-MemoryPort9,Memory
A01.SET08.MP10,Area1-Set8-MemoryPort10,Memory
A01.SET08.MP11,Area1-Set8-MemoryPort11,Memory
A01.SET08.MP12,Area1-Set8-MemoryPort12,Memory
A01.SET08.MP13,Area1-Set8-MemoryPort13,Memory
A01.SET08.MP14,Area1-Set8-MemoryPort14,Memory
A01.SET08.MP15,Area1-Set8-MemoryPort15,Memory
A01.SET08.MP16,Area1-Set8-MemoryPort16,Memory
A01.SET08.MP17,Area1-Set8-MemoryPort17,Memory
A01.SET08.MP18,Area1-Set8-MemoryPort18,Memory
A01.SET08.MP19,Area1-Set8-MemoryPort19,Memory
A01.SET08.MP20,Area1-Set8-MemoryPort20,Memory
A01.SET08.MP21,Area1-Set8-MemoryPort21,Memory
A01.SET08.MP22,Area1-Set8-MemoryPort22,Memory
A01.SET08.MP23,Area1-Set8-MemoryPort23,Memory
A01.SET08.MP24,Area1-Set8-MemoryPort24,Memory
A01.SET08.MP25,Area1-Set8-MemoryPort25,Memory
A01.SET08.MP26,Area1-Set8-MemoryPort26,Memory
A01.SET08.MP27,Area1-Set8-MemoryPort27,Memory
A01.SET08.MP28,Area1-Set8-MemoryPort28,Memory
A01.SET08.MP29,Area1-Set8-MemoryPort29,Memory
A01.SET08.MP30,Area1-Set8-MemoryPort30,Memory
A01.SET08.MP31,Area1-Set8-MemoryPort31,Memory
A01.SET08.MP32,Area1-Set8-MemoryPort32,Memory
A01.SET09.MP01,Area1-Set9-MemoryPort1,Memory
A01.SET09.MP02,Area1-Set9-MemoryPort2,Memory
A01.SET09.MP03,Area1-Set9-MemoryPort3,Memory
A01.SET09.MP04,Area1-Set9-MemoryPort4,Memory
A01.SET09.MP05,Area1-Set9-MemoryPort5,Memory
A01.SET09.MP06,Area1-Set9-MemoryPort6,Memory
A01.SET09.MP07,Area1-Set9-MemoryPort7,Memory
A01.SET09.MP08,Area1-Set9-MemoryPort8,Memory
A01.SET09.MP09,Area1-Set9-MemoryPort9,Memory
A01.SET09.MP10,Area1-Set9-MemoryPort10,Memory
A01.SET09.MP11,Area1-Set9-MemoryPort11,Memory
A01.SET09.MP12,Area1-Set9-MemoryPort12,Memory
A01.SET09.MP13,Area1-Set9-MemoryPort13,Memory
A01.SET09.MP14,Area1-Set9-MemoryPort14,Memory
A01.SET09.MP15,Area1-Set9-MemoryPort15,Memory
A01.SET09.MP16,Area1-Set9-MemoryPort16,Memory
A01.SET09.MP17,Area1-Set9-MemoryPort17,Memory
A01.SET09.MP18,Area1-Set9-MemoryPort18,Memory
A01.SET09.MP19,Area1-Set9-MemoryPort19,Memory
A01.SET09.MP20,Area1-Set9-MemoryPort20,Memory
A01.SET09.MP21,Area1-Set9-MemoryPort21,Memory
A01.SET09.MP22,Area1-Set9-MemoryPort22,Memory
A01.SET09.MP23,Area1-Set9-MemoryPort23,Memory
A01.SET09.MP24,Area1-Set9-MemoryPort24,Memory
A01.SET09.MP25,Area1-Set9-MemoryPort25,Memory
A01.SET09.MP26,Area1-Set9-MemoryPort26,Memory
A01.SET09.MP27,Area1-Set9-MemoryPort27,Memory
A01.SET09.MP28,Area1-Set9-MemoryPort28,Memory
A01.SET09.MP29,Area1-Set9-MemoryPort29,Memory
A01.SET09.MP30,Area1-Set9-MemoryPort30,Memory
A01.SET09.MP31,Area1-Set9-MemoryPort31,Memory
A01.SET09.MP32,Area1-Set9-MemoryPort32,Memory
A01.SET10.MP01,Area1-Set10-MemoryPort1,Memory
A01.SET10.MP02,Area1-Set10-MemoryPort2,Memory
A01.SET10.MP03,Area1-Set10-MemoryPort3,Memory
A01.SET10.MP04,Area1-Set10-MemoryPort4,Memory
A01.SET10.MP05,Area1-Set10-MemoryPort5,Memory
A01.SET10.MP06,Area1-Set10-MemoryPort6,Memory
A01.SET10.MP07,Area1-Set10-MemoryPort7,Memory
A01.SET10.MP08,Area1-Set10-MemoryPort8,Memory
A01.SET10.MP09,Area1-Set10-MemoryPort9,Memory
A01.SET10.MP10,Area1-Set10-MemoryPort10,Memory
A01.SET10.MP11,Area1-Set10-MemoryPort11,Memory
A01.SET10.MP12,Area1-Set10-MemoryPort12,Memory
A01.SET10.MP13,Area1-Set10-MemoryPort13,Memory
A01.SET10.MP14,Area1-Set10-MemoryPort14,Memory
A01.SET10.MP15,Area1-Set10-MemoryPort15,Memory
A01.SET10.MP16,Area1-Set10-MemoryPort16,Memory
A01.SET10.MP17,Area1-Set10-MemoryPort17,Memory
A01.SET10.MP18,Area1-Set10-MemoryPort18,Memory
A01.SET10.MP19,Area1-Set10-MemoryPort19,Memory
A01.SET10.MP20,Area1-Set10-MemoryPort20,Memory
A01.SET10.MP21,Area1-Set10-MemoryPort21,Memory
A01.SET10.MP22,Area1-Set10-MemoryPort22,Memory
A01.SET10.MP23,Area1-Set10-MemoryPort23,Memory
A01.SET10.MP24,Area1-Set10-MemoryPort24,Memory
A01.SET10.MP25,Area1-Set10-MemoryPort25,Memory
A01.SET10.MP26,Area1-Set10-MemoryPort26,Memory
A01.SET10.MP27,Area1-Set10-MemoryPort27,Memory
A01.SET10.MP28,Area1-Set10-MemoryPort28,Memory
A01.SET10.MP29,Area1-Set10-MemoryPort29,Memory
A01.SET10.MP30,Area1-Set10-MemoryPort30,Memory
A01.SET10.MP31,Area1-Set10-MemoryPort31,Memory
A01.SET10.MP32,Area1-Set10-MemoryPort32,Memory
A01.SET11.MP01,Area1-Set11-MemoryPort1,Memory
A01.SET11.MP02,Area1-Set11-MemoryPort2,Memory
A01.SET11.MP03,Area1-Set11-MemoryPort3,Memory
A01.SET11.MP04,Area1-Set11-MemoryPort4,Memory
A01.SET11.MP05,Area1-Set11-MemoryPort5,Memory
A01.SET11.MP06,Area1-Set11-MemoryPort6,Memory
A01.SET11.MP07,Area1-Set11-MemoryPort7,Memory
A01.SET11.MP08,Area1-Set11-MemoryPort8,Memory
A01.SET11.MP09,Area1-Set11-MemoryPort9,Memory
A01.SET11.MP10,Area1-Set11-MemoryPort10,Memory
A01.SET11.MP11,Area1-Set11-MemoryPort11,Memory
A01.SET11.MP12,Area1-Set11-MemoryPort12,Memory
A01.SET11.MP13,Area1-Set11-MemoryPort13,Memory
A01.SET11.MP14,Area1-Set11-MemoryPort14,Memory
A01.SET11.MP15,Area1-Set11-MemoryPort15,Memory
A01.SET11.MP16,Area1-Set11-MemoryPort16,Memory
A01.SET11.MP17,Area1-Set11-MemoryPort17,Memory
A01.SET11.MP18,Area1-Set11-MemoryPort18,Memory
A01.SET11.MP19,Area1-Set11-MemoryPort19,Memory
A01.SET11.MP20,Area1-Set11-MemoryPort20,Memory
A01.SET11.MP21,Area1-Set11-MemoryPort21,Memory
A01.SET11.MP22,Area1-Set11-MemoryPort22,Memory
A01.SET11.MP23,Area1-Set11-MemoryPort23,Memory
A01.SET11.MP24,Area1-Set11-MemoryPort24,Memory
A01.SET11.MP25,Area1-Set11-MemoryPort25,Memory
A01.SET11.MP26,Area1-Set11-MemoryPort26,Memory
A01.SET11.MP27,Area1-Set11-MemoryPort27,Memory
A01.SET11.MP28,Area1-Set11-MemoryPort28,Memory
A01.SET11.MP29,Area1-Set11-MemoryPort29,Memory
A01.SET11.MP30,Area1-Set11-MemoryPort30,Memory
A01.SET11.MP31,Area1-Set11-MemoryPort31,Memory
A01.SET11.MP32,Area1-Set11-MemoryPort32,Memory
A01.SET12.MP01,Area1-Set12-MemoryPort1,Memory
A01.SET12.MP02,Area1-Set12-MemoryPort2,Memory
A01.SET12.MP03,Area1-Set12-MemoryPort3,Memory
A01.SET12.MP04,Area1-Set12-MemoryPort4,Memory
A01.SET12.MP05,Area1-Set12-MemoryPort5,Memory
A01.SET12.MP06,Area1-Set12-MemoryPort6,Memory
A01.SET12.MP07,Area1-Set12-MemoryPort7,Memory
A01.SET12.MP08,Area1-Set12-MemoryPort8,Memory
A01.SET12.MP09,Area1-Set12-MemoryPort9,Memory
A01.SET12.MP10,Area1-Set12-MemoryPort10,Memory
A01.SET12.MP11,Area1-Set12-MemoryPort11,Memory
A01.SET12.MP12,Area1-Set12-MemoryPort12,Memory
A01.SET12.MP13,Area1-Set12-MemoryPort13,Memory
A01.SET12.MP14,Area1-Set12-MemoryPort14,Memory
A01.SET12.MP15,Area1-Set12-MemoryPort15,Memory
A01.SET12.MP16,Area1-Set12-MemoryPort16,Memory
A01.SET12.MP17,Area1-Set12-MemoryPort17,Memory
A01.SET12.MP18,Area1-Set12-MemoryPort18,Memory
A01.SET12.MP19,Area1-Set12-MemoryPort19,Memory
A01.SET12.MP20,Area1-Set12-MemoryPort20,Memory
A01.SET12.MP21,Area1-Set12-MemoryPort21,Memory
A01.SET12.MP22,Area1-Set12-MemoryPort22,Memory
A01.SET12.MP23,Area1-Set12-MemoryPort23,Memory
A01.SET12.MP24,Area1-Set12-MemoryPort24,Memory
A01.SET12.MP25,Area1-Set12-MemoryPort25,Memory
A01.SET12.MP26,Area1-Set12-MemoryPort26,Memory
A01.SET12.MP27,Area1-Set12-MemoryPort27,Memory
A01.SET12.MP28,Area1-Set12-MemoryPort28,Memory
A01.SET12.MP29,Area1-Set12-MemoryPort29,Memory
A01.SET12.MP30,Area1-Set12-MemoryPort30,Memory
A01.SET12.MP31,Area1-Set12-MemoryPort31,Memory
A01.SET12.MP32,Area1-Set12-MemoryPort32,Memory
